0;1;2
0.0;2.0;0.0
0.025025025;1.9795055;0.3943566
0.05005005;1.9493713;0.77416384
0.075075075;1.8866774;1.1273255
0.1001001;1.7638863;1.4296701
0.12512513;1.5650214;1.6546048
0.15015015;1.2979715;1.7911916
0.17517518;0.98877853;1.8525599
0.2002002;0.6641972;1.8657937
0.22522523;0.3406213;1.8566198
0.25025025;0.024158765;1.8413272
0.2752753;-0.28434375;1.8256333
0.3003003;-0.5841209;1.8060219
0.3253253;-0.8704958;1.7715323
0.35035035;-1.1327348;1.7067385
0.3753754;-1.3554409;1.5972848
0.4004004;-1.5245756;1.4369624
0.4254254;-1.6350632;1.2315577
0.45045045;-1.6936833;0.99563926
0.4754755;-1.7149988;0.74509686
0.5005005;-1.7146761;0.49154925
0.5255255;-1.7048995;0.24106175
0.5505506;-1.6927999;-0.004360604
0.5755756;-1.6806031;-0.2445389
0.6006006;-1.6662372;-0.47910777
0.6256256;-1.6440347;-0.7059122
0.6506506;-1.6057729;-0.9199755
0.6756757;-1.5425518;-1.1135181
0.7007007;-1.4475982;-1.277567
0.7257257;-1.3189965;-1.4050231
0.7507508;-1.1606649;-1.4936291
0.7757758;-0.98072016;-1.5468981
0.8008008;-0.7883458;-1.5724951
0.8258258;-0.5911543;-1.5794495
0.8508508;-0.3940915;-1.5758281
0.8758759;-0.19962578;-1.5675541
0.9009009;-0.008566716;-1.5581045
0.9259259;0.17903651;-1.5486562
0.950951;0.36308342;-1.5383365
0.975976;0.54275733;-1.5244939
1.001001;0.71602863;-1.5030441
1.026026;0.87942606;-1.469038
1.051051;1.0282742;-1.4175897
1.076076;1.1575173;-1.345072
1.1011012;1.2630249;-1.2502147
1.1261262;1.3428515;-1.1345859
1.1511512;1.3978529;-1.0021129
1.1761762;1.4313427;-0.85789925
1.2012012;1.4480877;-0.7069548
1.2262262;1.4531505;-0.553295
1.2512512;1.4510332;-0.39963427
1.2762762;1.445217;-0.24749067
1.3013012;1.4380239;-0.09750588
1.3263264;1.4306457;0.050185703
1.3513514;1.4232483;0.19560775
1.3763764;1.4150691;0.33864686
1.4014014;1.4045281;0.4787979
1.4264264;1.3893678;0.61497194
1.4514514;1.3668735;0.745388
1.4764764;1.3342097;0.86763686
1.5015016;1.2888799;0.9788962
1.5265266;1.2292281;1.076408
1.5515516;1.154825;1.1580178
1.5765766;1.0666015;1.2226684
1.6016016;0.96663713;1.2706518
1.6266266;0.8577054;1.303501
1.6516516;0.74272436;1.3236327
1.6766766;0.62431175;1.3338686
1.7017016;0.50452715;1.3370026
1.7267268;0.38480455;1.3355082
1.7517518;0.2660111;1.3313539
1.7767768;0.14857736;1.3259645
1.8018018;0.03264808;1.3202206
1.8268268;-0.08177455;1.3144945
1.8518518;-0.19470116;1.3086932
1.8768768;-0.30604202;1.3022984
1.901902;-0.41550907;1.2944113
1.926927;-0.5225394;1.2838075
1.951952;-0.6262469;1.2690197
1.976977;-0.7254251;1.2484584
2.002002;-0.8185992;1.2205787
2.0270271;-0.90416855;1.1840734
2.052052;-0.98060066;1.1380808
2.0770772;-1.0466654;1.0823268
2.102102;-1.1016327;1.01719
2.1271272;-1.1454004;0.9436407
2.152152;-1.178501;0.86308503
2.1771772;-1.2019929;0.777136
2.2022023;-1.217302;0.6874194
2.2272274;-1.2260178;0.59539074
2.2522523;-1.2297167;0.5022409
2.2772775;-1.2298406;0.40885916
2.3023024;-1.2276164;0.3158573
2.3273275;-1.2240156;0.22359867
2.3523524;-1.2197514;0.13227166
2.3773775;-1.215276;0.0419393
2.4024024;-1.2108085;-0.047396824
2.4274275;-1.2063432;-0.13575035
2.4524524;-1.2016659;-0.22309731
2.4774776;-1.196384;-0.30934107
2.5025024;-1.1899183;-0.3942717
2.5275276;-1.1815549;-0.47754264
2.5525525;-1.170472;-0.5586523
2.5775776;-1.1557783;-0.6369426
2.6026025;-1.1365916;-0.71162236
2.6276276;-1.1121109;-0.78181416
2.6526525;-1.0816954;-0.84661984
2.6776776;-1.044947;-0.9052139
2.7027025;-1.0017517;-0.9569348
2.7277277;-0.9523151;-1.0013633
2.7527525;-0.89712524;-1.038372
2.7777777;-0.8368998;-1.0681453
2.8028028;-0.7725022;-1.091144
2.827828;-0.7048589;-1.1080458
2.8528528;-0.63486046;-1.1196795
2.877878;-0.56331563;-1.1269345
2.9029028;-0.49090812;-1.1306988
2.927928;-0.41817763;-1.1318053
2.9529529;-0.34552607;-1.1309923
2.977978;-0.27322984;-1.1288819
3.0030031;-0.20146035;-1.1259798
3.0280282;-0.13031024;-1.1226611
3.0530531;-0.059816312;-1.1191844
3.0780783;0.010019757;-1.1156958
3.1031032;0.07920476;-1.1122292
3.1281283;0.1477409;-1.1087226
3.1531532;0.21560249;-1.1050186
3.1781783;0.28272554;-1.1008708
3.2032032;0.34898865;-1.0959585
3.2282283;0.41420916;-1.0898864
3.2532532;0.47812626;-1.0822074
3.2782784;0.5404112;-1.0724356
3.3033032;0.6006589;-1.06007
3.3283284;0.65840954;-1.0446237
3.3533533;0.71316856;-1.0256578
3.3783784;0.7644343;-1.0028113
3.4034033;0.8117302;-0.97583294
3.4284284;0.85465246;-0.9446065
3.4534533;0.8928932;-0.90915984
3.4784784;0.9262774;-0.869668
3.5035033;0.9547696;-0.8264361
3.5285285;0.9784835;-0.77987075
3.5535533;0.9976613;-0.73045397
3.5785785;1.0126605;-0.67869323
3.6036036;1.0239134;-0.6251047
3.6286287;1.0319041;-0.5701697
3.6536536;1.0371358;-0.51432157
3.6786788;1.0401018;-0.45793018
3.7037036;1.0412652;-0.40129906
3.7287288;1.0410501;-0.34466437
3.7537537;1.0398309;-0.28820205
3.7787788;1.0379157;-0.23203252
3.803804;1.0355604;-0.17623524
3.828829;1.0329607;-0.12085164
3.853854;1.0302579;-0.06590114
3.878879;1.0275348;-0.011385161
3.903904;1.0248312;0.042699765
3.928929;1.0221273;0.09635836
3.953954;1.0193703;0.14958529
3.978979;1.0164514;0.20236242
4.004004;1.0132301;0.2546486
4.029029;1.0095253;0.30637804
4.0540543;1.0051256;0.35745564
4.079079;0.9997869;0.40774834
4.104104;0.9932475;0.45709074
4.129129;0.9852303;0.50528276
4.1541543;0.97545505;0.5520929
4.179179;0.9636522;0.59725964
4.204204;0.94957143;0.64050895
4.229229;0.9329995;0.6815585
4.2542543;0.9137685;0.7201339
4.279279;0.891772;0.7559846
4.304304;0.86696833;0.78889775
4.329329;0.8393852;0.8187122
4.3543544;0.80911887;0.8453287
4.3793793;0.77633023;0.8687146
4.4044046;0.74123085;0.88890654
4.4294295;0.70407337;0.9060094
4.454455;0.6651345;0.92018485
4.47948;0.6247031;0.931642
4.5045047;0.5830645;0.9406277
4.5295296;0.54049057;0.9474105
4.554555;0.49722907;0.95226943
4.57958;0.45350343;0.95548636
4.6046047;0.40950218;0.9573288
4.6296296;0.36538255;0.9580502
4.654655;0.32127097;0.95788354
4.67968;0.2772667;0.9570356
4.7047048;0.23344071;0.9556853
4.7297297;0.18984331;0.9539861
4.754755;0.14650568;0.95206183
4.77978;0.10344803;0.9500097
4.804805;0.060676154;0.9479016
4.8298297;0.01819128;0.9457803
4.854855;-0.024009997;0.9436704
4.87988;-0.06592884;0.9415689
4.904905;-0.107565865;0.939454
4.9299297;-0.1489153;0.93727607
4.954955;-0.18996426;0.9349756
4.97998;-0.23068677;0.9324683
5.005005;-0.2710468;0.92965275
5.03003;-0.3109931;0.9264123
5.055055;-0.35045964;0.9226167
5.08008;-0.38936117;0.91812354
5.105105;-0.4275984;0.9127833
5.13013;-0.46505496;0.90643924
5.155155;-0.50160056;0.898935
5.18018;-0.53708833;0.89012116
5.205205;-0.5713682;0.8798517
5.23023;-0.60428274;0.86800086
5.255255;-0.6356758;0.85445875
5.28028;-0.6653955;0.83914286
5.305305;-0.69330585;0.8219985
5.33033;-0.71928775;0.8030024
5.3553553;-0.7432467;0.7821641
5.38038;-0.7651146;0.75952756
5.4054055;-0.7848584;0.7351657
5.4304304;-0.8024727;0.7091807
5.455456;-0.8179905;0.68169725
5.4804807;-0.8314702;0.6528579
5.5055056;-0.8430008;0.6228169
5.5305305;-0.8526958;0.59173506
5.555556;-0.86068547;0.55977273
5.5805807;-0.86711246;0.5270864
5.6056056;-0.8721315;0.4938249
5.6306305;-0.8758994;0.46012557
5.655656;-0.8785714;0.42610994
5.6806808;-0.8802996;0.39188826
5.7057056;-0.8812283;0.3575525
5.7307305;-0.8814935;0.32318157
5.755756;-0.8812188;0.28883842
5.780781;-0.8805157;0.25457653
5.8058057;-0.87948406;0.22043245
5.8308306;-0.87820923;0.18643531
5.855856;-0.8767648;0.15260527
5.880881;-0.87521;0.11895494
5.9059057;-0.87359226;0.08549111
5.9309306;-0.8719452;0.052216616
5.955956;-0.87029314;0.01913053
5.980981;-0.8686488;-0.013767313
6.0060062;-0.86701125;-0.046479777
6.031031;-0.8653715;-0.07900625
6.0560565;-0.8637103;-0.111346416
6.0810814;-0.8619966;-0.14349425
6.1061063;-0.86019456;-0.17544144
6.131131;-0.858254;-0.20717372
6.1561565;-0.85612;-0.23867162
6.1811814;-0.85373026;-0.26990736
6.2062063;-0.85101354;-0.3008472
6.231231;-0.84789395;-0.33144954
6.2562566;-0.84429103;-0.36166522
6.2812815;-0.8401174;-0.39143607
6.3063064;-0.8352895;-0.42069665
6.3313313;-0.82971865;-0.44937494
6.3563566;-0.82331836;-0.47739327
6.3813815;-0.81600654;-0.504667
6.4064064;-0.80770534;-0.5311102
6.4314313;-0.7983523;-0.5566347
6.4564567;-0.7878798;-0.5811537
6.4814816;-0.77624315;-0.6045821
6.5065064;-0.7634086;-0.626842
6.5315313;-0.7493559;-0.64786285
6.5565567;-0.73408437;-0.6675842
6.5815816;-0.71760243;-0.68595815
6.6066065;-0.6999373;-0.70294964
6.6316314;-0.6811318;-0.71854025
6.6566567;-0.6612398;-0.7327264
6.6816816;-0.6403299;-0.745519
6.7067065;-0.61847526;-0.7569448
6.7317314;-0.59576094;-0.7670451
6.756757;-0.5722723;-0.77587235
6.7817817;-0.54810107;-0.7834903
6.8068066;-0.52333474;-0.7899729
6.8318315;-0.49806395;-0.7953976
6.856857;-0.47237176;-0.79985064
6.8818817;-0.44633916;-0.8034169
6.9069066;-0.42003947;-0.8061844
6.9319315;-0.3935407;-0.80824155
6.956957;-0.36690176;-0.8096713
6.9819818;-0.34017697;-0.8105555
7.007007;-0.31341192;-0.8109713
7.032032;-0.286646;-0.81099087
7.0570574;-0.25991085;-0.81068075
7.0820823;-0.2332342;-0.81010133
7.107107;-0.20663664;-0.8093068
7.132132;-0.18013419;-0.8083463
7.1571574;-0.15373826;-0.8072612
7.1821823;-0.12745829;-0.8060877
7.207207;-0.10129941;-0.80485606
7.232232;-0.07526401;-0.8035899
7.2572575;-0.049353007;-0.80230755
7.2822824;-0.023567153;-0.80102
7.3073072;0.0020947077;-0.7997371
7.332332;0.027633622;-0.79846007
7.3573575;0.05305077;-0.7971854
7.3823824;0.0783451;-0.79590595
7.4074073;0.103515744;-0.7946092
7.432432;0.12856011;-0.7932773
7.4574575;0.15347347;-0.7918898
7.4824824;0.17824768;-0.7904207
7.5075073;0.2028732;-0.78884095
7.532532;0.227337;-0.78711647
7.5575576;0.25162324;-0.78521067
7.5825825;0.27571103;-0.7830835
7.607608;0.29957893;-0.7806952
7.6326327;0.32319748;-0.7779967
7.657658;0.34653708;-0.77494276
7.682683;0.36956245;-0.7714852
7.707708;0.3922347;-0.7675762
7.732733;0.4145141;-0.7631659
7.757758;0.43635604;-0.7582068
7.782783;0.4577138;-0.75265235
7.807808;0.47853923;-0.74645966
7.832833;0.49878332;-0.73958844
7.857858;0.5183974;-0.7320025
7.882883;0.53733224;-0.7236708
7.907908;0.5555422;-0.71456844
7.932933;0.5729837;-0.70467687
7.957958;0.58961517;-0.69398385
7.982983;0.6054029;-0.68248504
8.008008;0.6203165;-0.67018265
8.033033;0.6343327;-0.6570902
8.058058;0.64743364;-0.6432215
8.083083;0.6596102;-0.6286014
8.1081085;0.6708616;-0.61326164
8.133133;0.6811899;-0.59723747
8.158158;0.6906086;-0.58056813
8.183183;0.6991372;-0.56330305
8.208208;0.7067998;-0.54548395
8.233233;0.7136273;-0.5271624
8.258258;0.7196584;-0.50838864
8.283283;0.72493005;-0.4892125
8.308309;0.72948664;-0.4696839
8.333333;0.7333743;-0.44985119
8.358358;0.7366407;-0.42976007
8.383383;0.7393339;-0.40945548
8.408408;0.7415063;-0.38897595
8.433434;0.7432022;-0.3683609
8.458458;0.7444707;-0.34764534
8.483483;0.74535775;-0.326858
8.508509;0.74590796;-0.30602795
8.533533;0.7461632;-0.28518003
8.558558;0.74616313;-0.26433375
8.583583;0.7459447;-0.2435087
8.608608;0.7455419;-0.22271782
8.633634;0.74498636;-0.20197518
8.658658;0.74430615;-0.18129137
8.683683;0.7435268;-0.16067283
8.708709;0.7426712;-0.14012598
8.733733;0.7417582;-0.119656496
8.758759;0.74080485;-0.09926561
8.783783;0.73982483;-0.078956805
8.808809;0.73883086;-0.058728475
8.833835;0.7378297;-0.038583357
8.858859;0.73682785;-0.018521119
8.883884;0.73582894;0.0014602131
8.90891;0.73483366;0.02136049
8.933934;0.73384076;0.041179385
8.95896;0.73284614;0.06091847
8.983984;0.7318462;0.08057586
9.009009;0.7308297;0.10015199
9.034035;0.7297871;0.11964417
9.059059;0.7287088;0.13904886
9.0840845;0.72757745;0.15836339
9.10911;0.7263782;0.17758182
9.134134;0.72509295;0.1966967
9.15916;0.7237021;0.21570125
9.184184;0.7221834;0.23458387
9.209209;0.72051615;0.2533351
9.234235;0.7186754;0.27194068
9.259259;0.7166363;0.2903848
9.284285;0.7143737;0.3086533
9.30931;0.71185976;0.32672542
9.334334;0.709068;0.3445808
9.35936;0.705971;0.362199
9.384384;0.70254177;0.3795554
9.4094095;0.69875324;0.39662626
9.434435;0.6945798;0.41338578
9.459459;0.68999666;0.4298064
9.484485;0.68498015;0.44586235
9.50951;0.67950886;0.4615254
9.534534;0.6735635;0.47676757
9.55956;0.6671267;0.49156314
9.584584;0.6601832;0.5058851
9.60961;0.652723;0.5197094
9.634635;0.64473754;0.5330124
9.659659;0.63622224;0.5457725
9.684685;0.627176;0.5579715
9.70971;0.6176003;0.56959313
9.734735;0.60750186;0.58062404
9.75976;0.59688795;0.5910532
9.784784;0.5857731;0.6008749
9.80981;0.5741715;0.6100861
9.834835;0.5621017;0.6186863
9.859859;0.5495845;0.62668073
9.884885;0.5366426;0.6340745
9.90991;0.523301;0.6408787
9.934935;0.50958544;0.6471067
9.95996;0.49552312;0.65277445
9.984984;0.48114264;0.6579006
10.01001;0.46647075;0.66250634
10.035035;0.4515359;0.6666133
10.06006;0.4363669;0.6702467
10.085085;0.42098933;0.6734318
10.11011;0.4054301;0.67619604
10.135135;0.38971478;0.67856485
10.16016;0.37386623;0.68056625
10.1851845;0.35790798;0.68222743
10.21021;0.3418584;0.68357515
10.235235;0.3257393;0.68463653
10.26026;0.30956823;0.68543726
10.285285;0.29336014;0.6860025
10.31031;0.27713007;0.6863564
10.335335;0.26089245;0.6865223
10.36036;0.24465632;0.68652177
10.385385;0.22843347;0.6863755
10.41041;0.21223137;0.6861029
10.435435;0.1960581;0.6857219
10.46046;0.17991969;0.6852486
10.485485;0.16382112;0.68469906
10.51051;0.14776672;0.6840866
10.535535;0.13176045;0.68342394
10.56056;0.115803555;0.682722
10.585585;0.099899404;0.6819894
10.610611;0.08404694;0.68123615
10.635636;0.06824891;0.6804687
10.660661;0.052505724;0.6796929
10.685686;0.03681625;0.6789135
10.7107115;0.021181095;0.67813236
10.735736;0.0056003244;0.6773532
10.760761;-0.00992747;0.67657655
10.785786;-0.025401382;0.6758018
10.810811;-0.04082271;0.67503005
10.835836;-0.05619097;0.6742557
10.860861;-0.07150527;0.67347664
10.885886;-0.086766206;0.67268807
10.910912;-0.10197236;0.6718859
10.935936;-0.11712164;0.6710622
10.960961;-0.13221334;0.67020994
10.985986;-0.14724389;0.66932106
11.011011;-0.16221094;0.6683865
11.0360365;-0.17711075;0.66739595
11.061061;-0.19193809;0.66633886
11.086086;-0.20668887;0.66520345
11.111112;-0.22135653;0.66397744
11.136136;-0.23593388;0.66264826
11.161161;-0.25041428;0.66120195
11.186186;-0.26478818;0.65962476
11.211211;-0.27904743;0.6579018
11.236237;-0.29318136;0.65601873
11.261261;-0.3071785;0.6539602
11.286286;-0.3210275;0.6517134
11.311312;-0.3347165;0.64925945
11.336336;-0.3482312;0.6465848
11.3613615;-0.36155885;0.6436745
11.386386;-0.37468413;0.6405143
11.411411;-0.3875948;0.63708925
11.436437;-0.40027314;0.6333868
11.461461;-0.41270423;0.62939405
11.486486;-0.4248737;0.62509906
11.511512;-0.43676585;0.6204913
11.536536;-0.44836476;0.61555994
11.561562;-0.45965728;0.6102982
11.586586;-0.47062802;0.6046987
11.611611;-0.4812644;0.598756
11.636637;-0.4915538;0.59246504
11.661661;-0.5014835;0.5858252
11.6866865;-0.51104385;0.57883507
11.711712;-0.52022487;0.5714958
11.736736;-0.52902126;0.5638085
11.761762;-0.5374236;0.55577934
11.786786;-0.54542786;0.54741395
11.811811;-0.5530317;0.53871894
11.836837;-0.56023127;0.5297033
11.861861;-0.5670286;0.52037764
11.886887;-0.5734251;0.5107526
11.911912;-0.57942396;0.50084096
11.936936;-0.585029;0.490656
11.961962;-0.59024787;0.48021135
11.986986;-0.59508735;0.46952254
12.0120125;-0.5995571;0.45860344
12.037038;-0.6036668;0.44747084
12.062062;-0.6074289;0.4361396
12.087088;-0.61085427;0.42462578
12.112113;-0.61395633;0.41294485
12.137137;-0.6167486;0.4011127
12.162163;-0.6192474;0.38914356
12.187187;-0.6214647;0.37705275
12.212213;-0.62341696;0.3648536
12.237238;-0.6251186;0.35256
12.262262;-0.6265861;0.34018642
12.287288;-0.6278335;0.3277426
12.312313;-0.62887615;0.31524122
12.3373375;-0.62972885;0.30269346
12.362363;-0.63040596;0.2901085
12.387387;-0.63092434;0.27749592
12.412413;-0.6312939;0.26486403
12.437438;-0.63152945;0.25222078
12.462462;-0.63164353;0.23957363
12.487488;-0.63164836;0.22692797
12.512513;-0.6315556;0.21428998
12.537538;-0.6313762;0.20166478
12.562563;-0.63112026;0.18905619
12.587587;-0.63079745;0.17646876
12.612613;-0.63041675;0.16390485
12.637638;-0.6299866;0.15136768
12.6626625;-0.6295146;0.13886009
12.687688;-0.6290087;0.12638304
12.712713;-0.6284737;0.11393838
12.737738;-0.6279161;0.10152782
12.762763;-0.62734085;0.089151286
12.787787;-0.6267527;0.07681035
12.812813;-0.62615514;0.0645045
12.837838;-0.6255519;0.052234564
12.862863;-0.6249452;0.04000077
12.887888;-0.62433743;0.027802281
12.912913;-0.6237301;0.015639454
12.937938;-0.6231245;0.0035126016
12.962963;-0.62251884;-0.008579524
12.9879875;-0.6219158;-0.020635983
13.013013;-0.6213136;-0.032657877
13.038038;-0.6207109;-0.044644766
13.063063;-0.6201062;-0.056596115
13.088088;-0.61949897;-0.06851267
13.113113;-0.618884;-0.08039358
13.138138;-0.61825925;-0.09223786
13.163163;-0.61762106;-0.10404565
13.188188;-0.6169662;-0.11581479
13.213213;-0.616289;-0.1275453
13.238238;-0.6155852;-0.139235
13.263263;-0.61484945;-0.15088163
13.288288;-0.6140761;-0.16248389
13.3133135;-0.613259;-0.17403881
13.338338;-0.6123918;-0.18554336
13.363363;-0.6114679;-0.19699486
13.388388;-0.61047995;-0.20838897
13.413413;-0.6094207;-0.21972258
13.438438;-0.60828257;-0.2309909
13.463463;-0.6070577;-0.24218868
13.488488;-0.60573786;-0.25331163
13.513514;-0.60431576;-0.26435354
13.538538;-0.60278183;-0.27530843
13.563563;-0.60112804;-0.28617054
13.588588;-0.59934586;-0.2969324
13.613614;-0.59742683;-0.3075882
13.638639;-0.5953625;-0.31812924
13.663664;-0.5931451;-0.32854873
13.688689;-0.59076554;-0.3388384
13.713715;-0.5882161;-0.34899023
13.738739;-0.5854893;-0.3589955
13.763764;-0.5825775;-0.36884663
13.788789;-0.57947475;-0.37853354
13.813814;-0.57617277;-0.3880495
13.83884;-0.57266617;-0.3973852
13.863864;-0.56894934;-0.40653175
13.888889;-0.5650171;-0.4154817
13.913915;-0.56086516;-0.42422658
13.938939;-0.55649096;-0.43275765
13.963964;-0.55188966;-0.44106886
13.988989;-0.54705983;-0.4491521
14.014014;-0.54199976;-0.45700127
14.03904;-0.53670865;-0.4646099
14.064064;-0.5311869;-0.47197354
14.089089;-0.52543485;-0.4790858
14.114115;-0.51945436;-0.48594284
14.139139;-0.51324797;-0.49254078
14.164165;-0.50681835;-0.49887717
14.189189;-0.50016916;-0.5049502
14.214214;-0.49330541;-0.5107581
14.23924;-0.48623222;-0.51630026
14.264264;-0.47895563;-0.5215768
14.289289;-0.47148138;-0.52658844
14.314315;-0.46381658;-0.5313378
14.339339;-0.4559689;-0.5358266
14.364365;-0.44794548;-0.5400587
14.389389;-0.43975493;-0.54403734
14.414414;-0.43140423;-0.54776657
14.43944;-0.42290324;-0.55125296
14.464464;-0.41426045;-0.5545013
14.48949;-0.40548402;-0.55751824
14.514515;-0.39658302;-0.56031007
14.539539;-0.38756648;-0.56288356
14.564565;-0.3784424;-0.565247
14.589589;-0.36922008;-0.5674078
14.6146145;-0.3599071;-0.5693739
14.63964;-0.350512;-0.57115346
14.664664;-0.34104392;-0.57275474
14.68969;-0.3315086;-0.5741864
14.714715;-0.3219144;-0.57545686
14.739739;-0.31226858;-0.57657456
14.764765;-0.30257738;-0.5775481
14.789789;-0.2928478;-0.57838583
14.814815;-0.2830858;-0.5790968
14.83984;-0.27329656;-0.57968795
14.864864;-0.26348615;-0.58016783
14.88989;-0.2536589;-0.58054435
14.914915;-0.2438198;-0.58082515
14.9399395;-0.23397353;-0.5810175
14.964965;-0.22412363;-0.5811276
14.989989;-0.21427387;-0.5811637
15.015015;-0.20442703;-0.581132
15.04004;-0.19458649;-0.58103853
15.065064;-0.1847553;-0.5808894
15.09009;-0.17493512;-0.58069015
15.115115;-0.16512845;-0.5804462
15.14014;-0.15533717;-0.5801644
15.165165;-0.14556272;-0.5798467
15.190189;-0.13580701;-0.5794987
15.215216;-0.1260701;-0.5791245
15.240241;-0.11635411;-0.57872796
15.265265;-0.10665989;-0.57831264
15.290291;-0.09698738;-0.5778816
15.315316;-0.08733775;-0.5774398
15.340341;-0.07771126;-0.5769867
15.365366;-0.068107694;-0.5765261
15.39039;-0.058527946;-0.5760599
15.415416;-0.048971422;-0.5755899
15.440441;-0.039438527;-0.5751175
15.465466;-0.029929612;-0.574644
15.490491;-0.020443764;-0.5741709
15.515516;-0.010981445;-0.573698
15.540541;-0.0015428347;-0.57322603
15.565566;0.007872875;-0.57275516
15.5905905;0.01726505;-0.5722851
15.615616;0.026634486;-0.57181644
15.640641;0.03598085;-0.57134753
15.665666;0.04530378;-0.570878
15.690691;0.054603912;-0.57040673
15.715716;0.06388075;-0.56993246
15.740741;0.073133714;-0.5694538
15.765766;0.082363084;-0.5689684
15.790791;0.091567926;-0.56847495
15.815816;0.10074838;-0.5679712
15.840841;0.10990342;-0.56745464
15.865866;0.119031936;-0.56692266
15.890891;0.12813373;-0.56637245
15.915916;0.13720757;-0.5658021
15.940941;0.14625165;-0.5652069
15.965966;0.15526542;-0.5645841
15.990991;0.1642467;-0.5639302
16.016016;0.17319444;-0.56324166
16.04104;0.18210608;-0.5625145
16.066067;0.19098064;-0.5617449
16.091091;0.19981483;-0.56092876
16.116116;0.20860645;-0.56006175
16.141142;0.21735376;-0.5591394
16.166166;0.22605258;-0.5581574
16.19119;0.2347007;-0.5571112
16.216217;0.24329552;-0.555996
16.241241;0.25183243;-0.55480754
16.266268;0.26030925;-0.55354065
16.291292;0.26872098;-0.5521909
16.316317;0.2770646;-0.5507546
16.341343;0.28533635;-0.549225
16.366367;0.29353094;-0.54759824
16.391392;0.30164477;-0.5458699
16.416416;0.3096733;-0.5440352
16.44144;0.31761214;-0.5420896
16.466467;0.3254577;-0.54002947
16.491491;0.33320332;-0.5378496
16.516516;0.3408452;-0.5355463
16.541542;0.34837908;-0.5331156
16.566566;0.35579902;-0.530554
16.59159;0.36310086;-0.52785784
16.616615;0.37027982;-0.52502406
16.64164;0.37733206;-0.52205163
16.666666;0.38425234;-0.5189345
16.69169;0.39103556;-0.5156722
16.716715;0.39767793;-0.5122627
16.741741;0.40417588;-0.5087037
16.766766;0.41052443;-0.50499487
16.79179;0.41671866;-0.50113326
16.816818;0.42275855;-0.49711978
16.841843;0.4286377;-0.4929546
16.866869;0.4343547;-0.488637
16.891893;0.43990576;-0.48416796
16.916918;0.445289;-0.47954816
16.941944;0.45050207;-0.4747782
16.966969;0.45554346;-0.4698606
16.991993;0.46041173;-0.46479696
17.017017;0.4651059;-0.4595894
17.042042;0.46962526;-0.45424044
17.067068;0.47396985;-0.4487526
17.092093;0.4781384;-0.4431314
17.117117;0.4821326;-0.4373775
17.142143;0.48595318;-0.43149522
17.167168;0.48960066;-0.42548928
17.192192;0.49307686;-0.4193634
17.217216;0.49638388;-0.41312203
17.24224;0.49952334;-0.40676942
17.267267;0.50249815;-0.4003098
17.292292;0.5053105;-0.3937488
17.317316;0.5079635;-0.38709077
17.342342;0.5104607;-0.38034004
17.367367;0.5128071;-0.37350228
17.392391;0.5150037;-0.3665822
17.417418;0.517056;-0.35958412
17.442442;0.51896757;-0.35251382
17.467468;0.5207431;-0.3453751
17.492493;0.5223866;-0.33817378
17.517517;0.52390206;-0.33091387
17.542543;0.5252952;-0.32359952
17.567568;0.52657026;-0.3162362
17.592592;0.52773196;-0.30882776
17.617619;0.52878505;-0.3013777
17.642643;0.52973413;-0.29389122
17.66767;0.53058314;-0.28637183
17.692694;0.5313383;-0.27882332
17.717718;0.53200364;-0.27124912
17.742744;0.532584;-0.26365203
17.767769;0.53308356;-0.25603658
17.792793;0.5335072;-0.24840513
17.817818;0.5338593;-0.24076064
17.842842;0.5341442;-0.23310603
17.867868;0.534366;-0.22544305
17.892893;0.53452873;-0.21777534
17.917917;0.5346366;-0.21010453
17.942944;0.53469336;-0.20243217
17.967968;0.5347027;-0.19476134
17.992992;0.5346683;-0.18709323
18.018019;0.53459346;-0.1794289
18.043043;0.53448385;-0.17177103
18.06807;0.53433913;-0.16411977
18.093094;0.5341638;-0.15647747
18.118118;0.53396064;-0.14884466
18.143145;0.5337327;-0.14122178
18.168169;0.53348243;-0.13361081
18.193193;0.5332122;-0.12601197
18.218218;0.5329245;-0.11842592
18.243242;0.5326215;-0.11085322
18.268269;0.5323056;-0.10329456
18.293293;0.53197795;-0.095750235
18.318317;0.5316406;-0.08822056
18.343344;0.53129506;-0.080705225
18.368368;0.5309429;-0.07320563
18.393393;0.5305856;-0.06572134
18.418419;0.5302241;-0.058251936
18.443443;0.5298595;-0.05079862
18.46847;0.5294931;-0.043360382
18.493494;0.52912515;-0.035938203
18.518518;0.5287566;-0.02853158
18.543545;0.52838796;-0.021139909
18.56857;0.5280198;-0.013764278
18.593594;0.52765214;-0.006404068
18.618618;0.52728546;0.00094077
18.643642;0.5269175;0.008270215
18.668669;0.52655166;0.01558501
18.693693;0.52618647;0.022884022
18.718718;0.52582127;0.030167827
18.743744;0.5254558;0.037436973
18.768768;0.52508944;0.044690326
18.793793;0.52472204;0.05192835
18.818819;0.52435225;0.059151556
18.843843;0.52397954;0.06635871
18.86887;0.5236028;0.07355072
18.893894;0.52322096;0.08072629
18.918919;0.522833;0.087885685
18.943945;0.5224375;0.09502912
18.96897;0.52203256;0.10215512
18.993994;0.5216178;0.10926382
19.01902;0.52119124;0.11635525
19.044044;0.52075106;0.12342774
19.06907;0.5202957;0.13048175
19.094095;0.5198233;0.13751543
19.11912;0.519332;0.14452854
19.144146;0.51881963;0.15152076
19.16917;0.51828367;0.15849029
19.194195;0.5177231;0.16543625
19.21922;0.51713514;0.1723577
19.244244;0.5165177;0.17925337
19.26927;0.5158682;0.18612255
19.294294;0.51518446;0.19296277
19.319319;0.514464;0.19977307
19.344345;0.51370424;0.20655243
19.36937;0.51290286;0.21329816
19.394394;0.51205724;0.220009
19.419418;0.5111635;0.22668396
19.444443;0.510221;0.23331976
19.46947;0.5092263;0.23991555
19.494493;0.50817674;0.2464682
19.519518;0.50706977;0.25297612
19.544544;0.5059027;0.25943747
19.569569;0.50467294;0.2658491
19.594593;0.503378;0.2722091
19.61962;0.5020147;0.2785152
19.644644;0.50058115;0.2847645
19.66967;0.49907458;0.29095516
19.694695;0.4974926;0.29708368
19.719719;0.49583292;0.30314788
19.744745;0.49409303;0.30914572
19.76977;0.49227092;0.31507352
19.794794;0.49036437;0.3209291
19.81982;0.4883714;0.32671043
19.844845;0.48629007;0.33241364
19.869871;0.48411837;0.3380371
19.894896;0.48185492;0.34357736
19.91992;0.4794981;0.34903225
19.944946;0.47704616;0.3543996
19.96997;0.47449836;0.35967627
19.994995;0.47185385;0.36485937
20.02002;0.4691108;0.3699478
20.045044;0.46626887;0.37493873
20.07007;0.46332714;0.37983048
20.095095;0.46028563;0.38462016
20.12012;0.45714384;0.38930625
20.145145;0.4539014;0.3938873
20.17017;0.45055827;0.39836106
20.195194;0.44711554;0.40272596
20.22022;0.44357276;0.40698105
20.245245;0.43993112;0.4111244
20.270271;0.436191;0.41515556
20.295296;0.43235376;0.41907284
20.32032;0.42842028;0.4228758
20.345346;0.42439047;0.4265664
20.37037;0.42026788;0.43014008
20.395395;0.41605318;0.4335984
20.420422;0.41174763;0.43694153
20.445446;0.4073538;0.4401691
20.470472;0.4028729;0.44328183
20.495497;0.3983083;0.44627824
20.520521;0.3936608;0.44916153
20.545547;0.38893285;0.45193163
20.570572;0.3841274;0.45458916
20.595596;0.37924656;0.45713532
20.62062;0.3742929;0.45957145
20.645645;0.36926892;0.4618989
20.670671;0.36417732;0.46411926
20.695696;0.35902074;0.4662339
20.72072;0.35380188;0.46824476
20.745747;0.348523;0.47015387
20.770771;0.34318757;0.47196293
20.795795;0.33779803;0.47367415
20.82082;0.33235705;0.47528982
20.845844;0.32686847;0.4768127
20.87087;0.32133263;0.47824436
20.895895;0.3157539;0.47958738
20.92092;0.31013444;0.4808444
20.945946;0.3044765;0.48201808
20.97097;0.29878333;0.48311076
20.995995;0.29305705;0.48412514
21.02102;0.2873;0.48506248
21.046045;0.2815149;0.4859276
21.071072;0.27570343;0.48672235
21.096096;0.26986867;0.48744923
21.12112;0.26401234;0.4881109
21.146147;0.2581361;0.48871014
21.171171;0.25224283;0.48924938
21.196196;0.24633403;0.48973137
21.221222;0.24041116;0.49015865
21.246246;0.2344768;0.49053374
21.271273;0.22853181;0.4908592
21.296297;0.2225787;0.4911375
21.321321;0.21661854;0.49137107
21.346348;0.21065232;0.49156234
21.371372;0.2046824;0.49171358
21.396397;0.19870952;0.49182707
21.421421;0.19273497;0.4919051
21.446445;0.18675993;0.49194753
21.471472;0.18078493;0.49196032
21.496496;0.17481193;0.49194375
21.52152;0.16884139;0.49189982
21.546547;0.16287373;0.49183047
21.571571;0.15691067;0.49173748
21.596596;0.15095249;0.49162272
21.621622;0.14499943;0.49148774
21.646646;0.139053;0.49133426
21.671673;0.13311289;0.49116385
21.696697;0.12718046;0.4909777
21.721722;0.12125574;0.49077767
21.746748;0.11533869;0.490565
21.771772;0.10943056;0.49034092
21.796797;0.10353124;0.4901067
21.821821;0.09764104;0.48986343
21.846846;0.09176017;0.48961228
21.871872;0.08588842;0.48935425
21.896896;0.08002685;0.4890903
21.92192;0.074175015;0.4888193
21.946947;0.068332836;0.4885454
21.971972;0.062501185;0.48826787
21.996996;0.056679692;0.48798743
22.022022;0.05086796;0.48770463
22.047047;0.04506692;0.48742008
22.072073;0.039275702;0.4871342
22.097097;0.033495195;0.48684752
22.122122;0.027724955;0.48656029
22.147148;0.021964524;0.48627287
22.172173;0.016214691;0.4859864
22.197197;0.010475088;0.48569953
22.222221;0.004745641;0.48541313
22.247246;-0.0009736811;0.4851272
22.272272;-0.0066833445;0.48484176
22.297297;-0.012382495;0.48455688
22.32232;-0.0180716;0.48427236
22.347347;-0.023751115;0.48398754
22.372372;-0.02942016;0.48370314
22.397396;-0.035079174;0.4834185
22.422422;-0.04072858;0.4831333
22.447447;-0.046367478;0.48284718
22.472473;-0.051996678;0.48255974
22.497498;-0.057615254;0.48227057
22.522522;-0.06322356;0.48197913
22.547548;-0.06882182;0.48168463
22.572573;-0.074409194;0.4813868
22.597597;-0.07998591;0.48108482
22.622623;-0.0855522;0.48077804
22.647648;-0.091107026;0.48046568
22.672674;-0.096650966;0.48014688
22.697699;-0.10218294;0.47982094
22.722723;-0.10770305;0.47948685
22.74775;-0.11321141;0.4791437
22.772774;-0.11870711;0.47879082
22.797798;-0.124189675;0.47842675
22.822823;-0.1296589;0.47805065
22.847847;-0.1351143;0.4776614
22.872873;-0.14055583;0.47725782
22.897898;-0.14598206;0.47683883
22.922922;-0.15139283;0.47640318
22.947948;-0.15678798;0.47594965
22.972973;-0.16216595;0.475477
22.997997;-0.16752653;0.47498396
23.023024;-0.17286903;0.47447017
23.048048;-0.17819238;0.4739326
23.073074;-0.18349634;0.47337055
23.098099;-0.1887792;0.47278273
23.123123;-0.19404048;0.47216773
23.14815;-0.19927959;0.471524
23.173174;-0.20449474;0.47085026
23.198198;-0.20968533;0.470145
23.223223;-0.21485025;0.46940666
23.248247;-0.21998839;0.46863395
23.273273;-0.22509901;0.4678252
23.298298;-0.2301801;0.4669791
23.323322;-0.23523107;0.46609464
23.348349;-0.24025062;0.46516934
23.373373;-0.24523689;0.46420226
23.398397;-0.25018892;0.4631919
23.423424;-0.25510567;0.46213675
23.448448;-0.25998515;0.46103546
23.473475;-0.2648266;0.45988667
23.498499;-0.26962787;0.45868903
23.523523;-0.2743879;0.4574412
23.54855;-0.2791056;0.4561417
23.573574;-0.28377926;0.4547893
23.598598;-0.28840688;0.45338294
23.623623;-0.29298738;0.45192125
23.648647;-0.29751924;0.45040312
23.673674;-0.3020013;0.44882736
23.698698;-0.3064314;0.44719315
23.723722;-0.31080842;0.44549936
23.748749;-0.31513128;0.44374493
23.773773;-0.31939778;0.4419293
23.798798;-0.3236073;0.44005096
23.823824;-0.32775804;0.4381099
23.848848;-0.33184826;0.4361054
23.873875;-0.3358773;0.43403658
23.8989;-0.33984318;0.43190315
23.923923;-0.343745;0.42970458
23.94895;-0.34758177;0.42744032
23.973974;-0.35135183;0.4251104
23.998999;-0.35505444;0.4227137
24.024025;-0.35868856;0.42025125
24.04905;-0.3622528;0.41772273
24.074076;-0.36574668;0.4151279
24.0991;-0.3691688;0.41246715
24.124125;-0.3725187;0.40974057
24.14915;-0.37579584;0.40694815
24.174175;-0.37899908;0.4040908
24.1992;-0.38212803;0.40116888
24.224224;-0.38518217;0.39818266
24.249249;-0.38816115;0.39513278
24.274275;-0.3910647;0.39201972
24.2993;-0.39389223;0.38884473
24.324324;-0.3966437;0.38560838
24.34935;-0.39931914;0.38231128
24.374374;-0.40191826;0.37895492
24.399399;-0.40444216;0.3755407
24.424425;-0.40688953;0.37206835
24.44945;-0.409261;0.36854005
24.474476;-0.4115571;0.36495644
24.4995;-0.41377798;0.36131924
24.524525;-0.4159242;0.3576296
24.549551;-0.41799632;0.35388845
24.574575;-0.41999483;0.35009778
24.5996;-0.4219216;0.34625807
24.624624;-0.42377552;0.3423717
24.649649;-0.42555818;0.33843985
24.674675;-0.42727062;0.3344635
24.6997;-0.42891344;0.33044487
24.724724;-0.43048787;0.32638514
24.74975;-0.43199506;0.32228547
24.774775;-0.4334358;0.31814808
24.799799;-0.4348111;0.31397408
24.824825;-0.43612275;0.30976474
24.84985;-0.43737164;0.30552223
24.874874;-0.4385591;0.30124772
24.8999;-0.43968645;0.29694238
24.924925;-0.44075495;0.29260838
24.94995;-0.44176602;0.28824684
24.974976;-0.44272113;0.2838589
25.0;-0.44362155;0.27944666
